{
  "admin": [
    {
      "id": "1",
      "name": "admin",
      "email": "admin@gmail.com",
      "password": "1234"
    }
  ],
  "users": [
    {
      "id": "1",
      "name": "user1",
      "email": "user1@gmail.com",
      "status": "unblock",
      "password": "1234",
      "img": "https://images-eu.ssl-images-amazon.com/images/G/31/IMG20/Home/2024/Gateway/BTFGW/PCQC/New/1x/final/186x116_Home_decor_1._SY116_CB555624324_.jpg"
    },
    {
      "id": "2",
      "name": "user2",
      "email": "user2@gmail.com",
      "status": "unblock",
      "password": "1234",
      "img": "https://images-eu.ssl-images-amazon.com/images/G/31/IMG20/Home/2024/Gateway/BTFGW/PCQC/New/1x/final/186x116_Home_decor_1._SY116_CB555624324_.jpg"
    },
    {
      "id": "3",
      "name": "user3",
      "email": "user3@gmail.com",
      "password": "1234",
      "status": "block",
      "img": "https://images-eu.ssl-images-amazon.com/images/G/31/IMG20/Home/2024/Gateway/BTFGW/PCQC/New/1x/final/186x116_Home_decor_1._SY116_CB555624324_.jpg"
    },
    {
      "id": "",
      "name": "",
      "email": "",
      "password": "",
      "img": "",
      "status": ""
    },
    {
      "id": "1731506947186",
      "name": "diya patel",
      "email": "diya@gmail.com",
      "password": "123456",
      "img": "https://images-eu.ssl-images-amazon.com/images/G/31/IMG20/Home/2024/Gateway/BTFGW/PCQC/New/1x/final/186x116_Home_decor_1._SY116_CB555624324_.jpg",
      "status": "block"
    }
  ],
  "packages": [
    {
      "id": "1",
      "coutry": "Indonesia",
      "days": 5,
      "person": 3,
      "price": 123,
      "desc": "Tempor erat elitr rebum at clita. Diam dolor diam ipsum sit diam amet diam eos sds ss",
      "url": "https://images.pexels.com/photos/2325447/pexels-photo-2325447.jpeg?auto=compress&cs=tinysrgb&w=600"
    },
    {
      "id": "2",
      "coutry": "USA",
      "days": "9",
      "person": "3",
      "price": "2000",
      "desc": "Tempor erat elitr rebum at clita. Diam dolor diam ipsum sit diam amet diam eos sds ss",
      "url": "https://images.pexels.com/photos/2265876/pexels-photo-2265876.jpeg?auto=compress&cs=tinysrgb&w=600"
    },
    {
      "id": "3",
      "coutry": "India",
      "days": 8,
      "person": 7,
      "price": 500,
      "desc": "Tempor erat elitr rebum at clita. Diam dolor diam ipsum sit diam amet diam eos sds ss",
      "url": "https://images.pexels.com/photos/1271619/pexels-photo-1271619.jpeg?auto=compress&cs=tinysrgb&w=600"
    },
    {
      "id": "1729520001762",
      "coutry": "nepal2",
      "days": "5",
      "person": "6",
      "price": "10000",
      "desc": "This is update data",
      "url": "https://images.pexels.com/photos/247599/pexels-photo-247599.jpeg?auto=compress&cs=tinysrgb&w=600"
    }
  ]
}